John,Oliver,oliver@nomail.com,7caa8cc78e5ba74af470d04aa4ee4aef
William,Jack,jack@nomail.com,720cecf136cd260d4849e8da88f73db4
Mary,Amelia,amelia@nomail.com,80638fde410a238d51fbf4b1000f15fb
George,Jacob,jacob@nomail.com,600d7fa1a602bbd4422eb495185c9226
Jane,Ava,ava@nomail.com,d08bbeb8a10dc2b928992cf0d5781474
Henry,Oscar,oscar@nomail.com,2e83d91bc9063800ed323e0eb5d318ab
Joseph,James,james@nomail.com,6204f31be8c3560a764db11689f3f64b
Emma,Grace,grace@nomail.com,682511e7acaf7897d18831cf89a1ae97
Richard,Noah,noah@nomail.com,7a25e9f66e0e523b9a109bbbf30af622
Thomas,Harry,harry@nomail.com,7a83bfb07533699c191ea986e26e26c9
Robert,Thomas,thomas@nomail.com,a4a4b742d5634a354909063322bedaa3
Margaret,Emmily,emmily@nomail.com,03ea319d3b3bc62ac561e8fe539067e7
Frances,Charlotte,charlotte@nomail.com,d5fce470f081c4b64ce12479da7ce599
Albert,Henry,henry@nomail.com,83bb0114de429e718088895b15119632
Alfred,Leo,leo@nomail.com,da8061e57a5111eb5f7eef495a0c7b1e
Michael,Archie,archie@nomail.com,195ec6f77186063b911c99a13605090d
Samuel,James,james@nomail.com,6204f31be8c3560a764db11689f3f64b
Catherine,Chloe,chloe@nomail.com,3c9c969f387eb84c5e2aea0632f05a1e
Elsie,Daisy,daisy@nomail.com,6ee8656c37e7fe2a1436a449d03d583e
Harry,Alexander,alexander@nomail.com,bb4e881fd64b4b04960ca3a2c665c576
Stephen,Logan,logan@nomail.com,d7d95fd059ca6720765a835b0a08eeb1
William,Puckit,puckit@nomail.com,33545ded4db5749cee6ea13e0ef6a989
Dillon,Anderson,anderson@nomail.com,eb06f498425bd2e236d3974222e2e06c
Anne,Clarkson,clarkson@nomail.com,3683a44930fcea1328401ef203cda615
Clarise,Widhock,widhock@nomail.com,9ea730679ae2986065f0e0937ff9ef8d
Justin,Weefston,weefston@nomail.com,9275856891d4d9014d988a6a4d4df61f
Edward,Winston,winston@nomail.com,7f608ab56f214c07a9f5ac4ca0613fd9
Chantelle,Timberlake,timberlake@nomail.com,cc96ce38e8b90d0081bb550bc903b893
Arthur,George,george@nomail.com,10d07439d165d70aa548f6985706ef7e
Eve,Elizia,elizia@nomail.com,06be15be32fe3b6b8aad5a658ca1fd61